{
	"name": "LightSource_0",
	"worldLocation":
	{
		"x": 1870,
		"y": -200,
		"z": 1610
	},
	"direction":
	{
		"x": 0.39814835786819458,
		"y": 0.054030440747737885,
		"z": -0.91572844982147217
	},
	"density": 2.75
}